id,return_id,date,style_no,quantity,refund_amount,reverse_fee,claim_amount,claim_date,primary_reason,secondary_reason,status,qc_grade,received_date,restocked_date,reverse_awb,notes
1,CR-006,2026-08-30,DE26003B,1,336.34,175.0,0.0,,Don't need the product anymore,Did not like the product,Intake,,2026-09-04,,Shadowfax  AWB-R2456842272FPL,
2,CR-005,2026-08-31,DE26003W,1,335.92,175.0,0.0,,Have size / fit related issues,Did not like the fit,Intake,,2026-09-07,,Delhivery AWB-1490711614301402,
3,CR-007,2026-08-31,DE26030B,1,280.9,175.0,0.0,,Have other quality related issues,Product's quality or performance is not good,Intake,,2026-09-04,,Delhivery AWB-1490711700640883,
4,CR-008,2026-09-04,DE26005M,1,307.33,175.0,0.0,,Have size / fit related issues,Size correct but too loose,Intake,,2026-09-14,,Shadowfax  AWB-R2470043807FPL,
5,CR-010,2026-09-07,DE26003W,1,295.65,175.0,0.0,,Have size / fit related issues,Did not like the fit,Received,Grade A,2026-09-17,,Shadowfax  AWB-R2481671535FPL,
6,CR-006,2026-09-20,DE26006R,1,309.82,175.0,0.0,,Have other quality related issues,Product's quality or performance is not good,Received,Grade A,2026-09-27,,Valmo AWB-VLR082916892869,
7,CR-007,2026-09-21,DE26002M,1,366.57,175.0,332.58,2026-10-09,Don't need the product anymore,Found lower price elsewhere,Claim Settled,Dispute,2026-09-27,,Valmo AWB-VLR082918756063,Meesho SPF claim approved for Rs 332.58. Received wrong item inside return parcel; original DE26002M permanently lost
8,CR-008,2026-09-24,DE26002N,1,343.8,175.0,0.0,,Received wrong product (different color / size / product),Wrong size delivered,Received,Grade A,2026-10-01,,Shadowfax AWB-R2567239146FPL,
10,CR-010,2026-09-27,DE26077R,1,297.32,175.0,0.0,,Received wrong product (different color / size / product),Completely different product from shown,Received,Grade A,2026-09-30,,Shadowfax AWB-R2575433805FPL,
9,CR-009,2026-09-29,DE26077R,1,297.32,175.0,0.0,,Don't need the product anymore,Ordered by mistake,Received,Grade A,2026-10-02,,Shadowfax AWB-R2590709094FPL,
11,CR-011,2026-10-01,DE26077Y,1,297.2,175.0,0.0,,Have other quality related issues,Product's quality or performance is not good,Received,Grade A,2026-10-05,,Valmo AWB-VLR082964256945,
12,CR-012,2026-10-01,DE26077N,1,283.69,175.0,0.0,,Received wrong product (different color / size / product),Completely different product from shown,In Transit,,,,Valmo AWB-VLR082966400477,
