id,sl_no,date,style_no,quantity_sold,selling_price,total_revenue,unit_purchase_cost,cogs,profit,profit_margin,reference
1,1,2026-08-21,DE26003W,2,335.85,671.7,219.0,438.0,233.7,0.3479,Direct Sale
2,2,2026-08-24,DE26001G,2,290.285,580.57,219.0,438.0,142.57,0.2456,Direct Sale
3,3,2026-08-24,DE26001Y,1,298.73,298.73,219.0,219.0,79.73,0.2669,Direct Sale
4,4,2026-08-24,DE26003B,2,317.515,635.03,219.0,438.0,197.03,0.3103,Direct Sale
5,5,2026-08-24,DE26003W,5,303.026,1515.13,219.0,1095.0,420.13,0.2773,Direct Sale
6,6,2026-08-24,DE26004R,1,299.68,299.68,219.0,219.0,80.68,0.2692,Direct Sale
7,7,2026-08-24,DE26030B,1,280.9,280.9,205.0,205.0,75.9,0.2702,Direct Sale
8,8,2026-08-25,DE26003W,3,298.79,896.37,219.0,657.0,239.37,0.267,Direct Sale
9,9,2026-08-26,DE26030B,1,315.37,315.37,205.0,205.0,110.37,0.35,Direct Sale
10,10,2026-08-27,DE26003B,1,318.7,318.7,219.0,219.0,99.7,0.3128,Direct Sale
11,11,2026-08-27,DE26003W,1,316.6,316.6,219.0,219.0,97.6,0.3083,Direct Sale
12,12,2026-08-27,DE26004R,1,305.52,305.52,219.0,219.0,86.52,0.2832,Direct Sale
13,13,2026-08-27,DE26004Y,1,306.27,306.27,219.0,219.0,87.27,0.2849,Direct Sale
14,14,2026-08-28,DE26003B,1,319.77,319.77,219.0,219.0,100.77,0.3151,Direct Sale
15,15,2026-08-28,DE26003W,3,318.4667,955.4,219.0,657.0,298.4,0.3123,Direct Sale
16,16,2026-08-28,DE26030R,1,281.66,281.66,205.0,205.0,76.66,0.2722,Direct Sale
17,17,2026-08-29,DE26003B,1,319.93,319.93,219.0,219.0,100.93,0.3155,Direct Sale
18,18,2026-08-29,DE26003W,2,307.36,614.72,219.0,438.0,176.72,0.2875,Direct Sale
19,19,2026-08-29,DE26030R,1,282.14,282.14,205.0,205.0,77.14,0.2734,Direct Sale
20,20,2026-08-29,DE26063B,1,281.93,281.93,219.0,219.0,62.93,0.2232,Direct Sale
21,21,2026-08-29,DE26077Y,2,307.57,615.14,220.0,440.0,175.14,0.2847,Direct Sale
22,22,2026-08-30,DE26003W,3,295.65,886.95,219.0,657.0,229.95,0.2593,Direct Sale
23,23,2026-08-30,DE26063W,1,295.65,295.65,219.0,219.0,76.65,0.2593,Direct Sale
24,24,2026-08-30,DE26077R,1,297.0,297.0,220.0,220.0,77.0,0.2593,Direct Sale
25,25,2026-08-31,DE26003W,2,317.805,635.61,219.0,438.0,197.61,0.3109,Direct Sale
26,26,2026-08-31,DE26005M,1,307.33,307.33,235.0,235.0,72.33,0.2353,Direct Sale
27,27,2026-08-31,DE26077N,2,308.49,616.98,220.0,440.0,176.98,0.2868,Direct Sale
28,28,2026-09-01,DE26003B,2,327.09,654.18,219.0,438.0,216.18,0.3305,Direct Sale
29,29,2026-09-01,DE26030M,2,289.645,579.29,205.0,410.0,169.29,0.2922,Direct Sale
30,30,2026-09-02,DE26003B,1,336.97,336.97,219.0,219.0,117.97,0.3501,Direct Sale
31,31,2026-09-02,DE26004R,1,124.68,124.68,219.0,219.0,-94.32,-0.7565000000000001,Exchange EX-002
32,32,2026-09-02,DE26077Y,1,318.52,318.52,220.0,220.0,98.52,0.3093,Direct Sale
33,33,2026-09-03,DE26003W,1,298.66,298.66,219.0,219.0,79.66,0.2667,Direct Sale
34,34,2026-09-03,DE26005N,1,271.06,271.06,235.0,235.0,36.06,0.133,Direct Sale
35,35,2026-09-04,DE26030B,1,281.28,281.28,205.0,205.0,76.28,0.2712,Direct Sale
36,36,2026-09-04,DE26077N,1,283.27,283.27,220.0,220.0,63.27,0.2234,Direct Sale
37,37,2026-09-04,DE26077R,1,280.8,280.8,220.0,220.0,60.8,0.2165,Direct Sale
38,38,2026-09-04,DE26077Y,1,280.98,280.98,220.0,220.0,60.98,0.217,Direct Sale
39,39,2026-09-06,DE26003B,1,298.81,298.81,219.0,219.0,79.81,0.2671,Direct Sale
40,40,2026-09-06,DE26004N,1,285.9,285.9,219.0,219.0,66.9,0.234,Direct Sale
41,41,2026-09-06,DE26077N,1,318.08,318.08,220.0,220.0,98.08,0.3084,Direct Sale
42,42,2026-09-06,DE26077R,1,280.98,280.98,220.0,220.0,60.98,0.217,Direct Sale
43,43,2026-09-06,DE26077Y,2,284.39,568.78,220.0,440.0,128.78,0.2264,Direct Sale
44,44,2026-09-07,DE26077R,3,283.82,851.46,220.0,660.0,191.46,0.2249,Direct Sale
45,45,2026-09-09,DE26002R,1,336.97,336.97,235.0,235.0,101.97,0.3026,Direct Sale
46,46,2026-09-09,DE26003W,1,335.79,335.79,219.0,219.0,116.79,0.3478,Direct Sale
47,47,2026-09-09,DE26008R,1,311.24,311.24,235.0,235.0,76.24,0.245,Direct Sale
48,48,2026-09-09,DE26077N,1,283.23,283.23,220.0,220.0,63.23,0.2232,Direct Sale
49,49,2026-09-10,DE26009G,1,328.02,328.02,225.0,225.0,103.02,0.3141,Direct Sale
50,50,2026-09-11,DE26006R,3,309.83,929.49,235.0,705.0,224.49,0.2415,Direct Sale
51,51,2026-09-11,DE26009P,1,302.1,302.1,225.0,225.0,77.1,0.2552,Direct Sale
52,52,2026-09-12,DE26007R,1,309.66,309.66,235.0,235.0,74.66,0.2411,Direct Sale
53,53,2026-09-12,DE26030R,1,291.2,291.2,205.0,205.0,86.2,0.296,Direct Sale
54,54,2026-09-13,DE26002N,1,337.09,337.09,235.0,235.0,102.09,0.3029,Direct Sale
55,55,2026-09-13,DE26009G,1,302.78,302.78,225.0,225.0,77.78,0.2569,Direct Sale
56,56,2026-09-14,DE26002R,1,315.37,315.37,235.0,235.0,80.37,0.2548,Direct Sale
57,57,2026-09-14,DE26006R,1,309.48,309.48,235.0,235.0,74.48,0.2407,Direct Sale
58,58,2026-09-15,DE26003W,1,314.71,314.71,219.0,219.0,95.71,0.3041,Direct Sale
59,59,2026-09-15,DE26007N,2,325.765,651.53,235.0,470.0,181.53,0.2786,Direct Sale
60,60,2026-09-15,DE26009G,1,328.34,328.34,225.0,225.0,103.34,0.3147,Direct Sale
61,61,2026-09-15,DE26077R,1,317.94,317.94,220.0,220.0,97.94,0.308,Direct Sale
62,62,2026-09-16,DE26002M,1,366.57,366.57,235.0,235.0,131.57,0.3589,Direct Sale
63,63,2026-09-16,DE26002R,1,366.79,366.79,235.0,235.0,131.79,0.3593,Direct Sale
64,64,2026-09-16,DE26006B,1,336.72,336.72,235.0,235.0,101.72,0.3021,Direct Sale
65,65,2026-09-16,DE26006R,1,336.71,336.71,235.0,235.0,101.71,0.3021,Direct Sale
66,66,2026-09-16,DE26030R,1,316.95,316.95,205.0,205.0,111.95,0.3532,Direct Sale
